{
  "498714787": {
    "lastPosition": {
      "x": -1014.6593627929688,
      "y": -2896.31201171875,
      "z": 13.96337890625
    },
    "name": "Treve"
  }
}